add-circle.svg,AddCircle
add.svg,Add
airplane.svg,Airplane
alarm.svg,Alarm
albums.svg,Albums
alert-circle.svg,AlertCircle
alert.svg,Alert
american-football.svg,AmericanFootball
analytics.svg,Analytics
aperture.svg,Aperture
apps.svg,Apps
archive.svg,Archive
arrow-back-circle.svg,ArrowBackCircle
arrow-back.svg,ArrowBack
arrow-down-circle.svg,ArrowDownCircle
arrow-down.svg,ArrowDown
arrow-forward-circle.svg,ArrowForwardCircle
arrow-forward.svg,ArrowForward
arrow-redo-circle.svg,ArrowRedoCircle
arrow-redo.svg,ArrowRedo
arrow-undo-circle.svg,ArrowUndoCircle
arrow-undo.svg,ArrowUndo
arrow-up-circle.svg,ArrowUpCircle
arrow-up.svg,ArrowUp
at-circle.svg,AtCircle
at.svg,At
attach.svg,Attach
backspace.svg,Backspace
bandage.svg,Bandage
bar-chart.svg,BarChart
barbell.svg,Barbell
barcode.svg,Barcode
baseball.svg,Baseball
basket.svg,Basket
basketball.svg,Basketball
battery-charging.svg,BatteryCharging
battery-dead.svg,BatteryDead
battery-full.svg,BatteryFull
battery-half.svg,BatteryHalf
beaker.svg,Beaker
bed.svg,Bed
beer.svg,Beer
bicycle.svg,Bicycle
bluetooth.svg,Bluetooth
boat.svg,Boat
body.svg,Body
bonfire.svg,Bonfire
book.svg,Book
bookmark.svg,Bookmark
bookmarks.svg,Bookmarks
briefcase.svg,Briefcase
browsers.svg,Browsers
brush.svg,Brush
bug.svg,Bug
build.svg,Build
bulb.svg,Bulb
bus.svg,Bus
business.svg,Business
cafe.svg,Cafe
calculator.svg,Calculator
calendar.svg,Calendar
call.svg,Call
camera-reverse.svg,CameraReverse
camera.svg,Camera
car-sport.svg,CarSport
car.svg,Car
card.svg,Card
caret-back-circle.svg,CaretBackCircle
caret-back.svg,CaretBack
caret-down-circle.svg,CaretDownCircle
caret-down.svg,CaretDown
caret-forward-circle.svg,CaretForwardCircle
caret-forward.svg,CaretForward
caret-up-circle.svg,CaretUpCircle
caret-up.svg,CaretUp
cart.svg,Cart
cash.svg,Cash
cellular.svg,Cellular
chatbox-ellipses.svg,ChatboxEllipses
chatbox.svg,Chatbox
chatbubble-ellipses.svg,ChatbubbleEllipses
chatbubble.svg,Chatbubble
chatbubbles.svg,Chatbubbles
checkbox.svg,Checkbox
checkmark-circle.svg,CheckmarkCircle
checkmark-done-circle.svg,CheckmarkDoneCircle
checkmark-done.svg,CheckmarkDone
checkmark.svg,Checkmark
chevron-back-circle.svg,ChevronBackCircle
chevron-back.svg,ChevronBack
chevron-down-circle.svg,ChevronDownCircle
chevron-down.svg,ChevronDown
chevron-forward-circle.svg,ChevronForwardCircle
chevron-forward.svg,ChevronForward
chevron-up-circle.svg,ChevronUpCircle
chevron-up.svg,ChevronUp
clipboard.svg,Clipboard
close-circle.svg,CloseCircle
close.svg,Close
cloud-circle.svg,CloudCircle
cloud-done.svg,CloudDone
cloud-download.svg,CloudDownload
cloud-offline.svg,CloudOffline
cloud-upload.svg,CloudUpload
cloud.svg,Cloud
cloudy-night.svg,CloudyNight
cloudy.svg,Cloudy
code-download.svg,CodeDownload
code-slash.svg,CodeSlash
code-working.svg,CodeWorking
code.svg,Code
cog.svg,Cog
color-fill.svg,ColorFill
color-filter.svg,ColorFilter
color-palette.svg,ColorPalette
color-wand.svg,ColorWand
compass.svg,Compass
construct.svg,Construct
contract.svg,Contract
contrast.svg,Contrast
copy.svg,Copy
create.svg,Create
crop.svg,Crop
cube.svg,Cube
cut.svg,Cut
desktop.svg,Desktop
disc.svg,Disc
document-attach.svg,DocumentAttach
document-text.svg,DocumentText
document.svg,Document
documents.svg,Documents
download.svg,Download
duplicate.svg,Duplicate
ear.svg,Ear
earth.svg,Earth
easel.svg,Easel
egg.svg,Egg
ellipse.svg,Ellipse
ellipsis-horizontal-circle.svg,EllipsisHorizontalCircle
ellipsis-horizontal.svg,EllipsisHorizontal
ellipsis-vertical-circle.svg,EllipsisVerticalCircle
ellipsis-vertical.svg,EllipsisVertical
enter.svg,Enter
exit.svg,Exit
expand.svg,Expand
eye-off.svg,EyeOff
eye.svg,Eye
eyedrop.svg,Eyedrop
fast-food.svg,FastFood
female.svg,Female
file-tray-full.svg,FileTrayFull
file-tray-stacked.svg,FileTrayStacked
file-tray.svg,FileTray
film.svg,Film
filter.svg,Filter
finger-print.svg,FingerPrint
fitness.svg,Fitness
flag.svg,Flag
flame.svg,Flame
flash-off.svg,FlashOff
flash.svg,Flash
flashlight.svg,Flashlight
flask.svg,Flask
flower.svg,Flower
folder-open.svg,FolderOpen
folder.svg,Folder
football.svg,Football
funnel.svg,Funnel
game-controller.svg,GameController
gift.svg,Gift
git-branch.svg,GitBranch
git-commit.svg,GitCommit
git-compare.svg,GitCompare
git-merge.svg,GitMerge
git-network.svg,GitNetwork
git-pull-request.svg,GitPullRequest
glasses.svg,Glasses
globe.svg,Globe
golf.svg,Golf
grid.svg,Grid
hammer.svg,Hammer
hand-left.svg,HandLeft
hand-right.svg,HandRight
happy.svg,Happy
hardware-chip.svg,HardwareChip
headset.svg,Headset
heart-circle.svg,HeartCircle
heart-dislike-circle.svg,HeartDislikeCircle
heart-dislike.svg,HeartDislike
heart-half.svg,HeartHalf
heart.svg,Heart
help-buoy.svg,HelpBuoy
help-circle.svg,HelpCircle
help.svg,Help
home.svg,Home
hourglass.svg,Hourglass
ice-cream.svg,IceCream
image.svg,Image
images.svg,Images
infinite.svg,Infinite
information-circle.svg,InformationCircle
information.svg,Information
journal.svg,Journal
key.svg,Key
keypad.svg,Keypad
language.svg,Language
laptop.svg,Laptop
layers.svg,Layers
leaf.svg,Leaf
library.svg,Library
link.svg,Link
list-circle.svg,ListCircle
list.svg,List
locate.svg,Locate
location.svg,Location
lock-closed.svg,LockClosed
lock-open.svg,LockOpen
log-in.svg,LogIn
log-out.svg,LogOut
logo-amazon.svg,LogoAmazon
logo-amplify.svg,LogoAmplify
logo-android.svg,LogoAndroid
logo-angular.svg,LogoAngular
logo-apple-appstore.svg,LogoAppleAppstore
logo-apple.svg,LogoApple
logo-behance.svg,LogoBehance
logo-bitbucket.svg,LogoBitbucket
logo-bitcoin.svg,LogoBitcoin
logo-buffer.svg,LogoBuffer
logo-capacitor.svg,LogoCapacitor
logo-chrome.svg,LogoChrome
logo-closed-captioning.svg,LogoClosedCaptioning
logo-codepen.svg,LogoCodepen
logo-css3.svg,LogoCss3
logo-designernews.svg,LogoDesignernews
logo-docker.svg,LogoDocker
logo-dribbble.svg,LogoDribbble
logo-dropbox.svg,LogoDropbox
logo-edge.svg,LogoEdge
logo-electron.svg,LogoElectron
logo-euro.svg,LogoEuro
logo-facebook.svg,LogoFacebook
logo-firebase.svg,LogoFirebase
logo-firefox.svg,LogoFirefox
logo-flickr.svg,LogoFlickr
logo-foursquare.svg,LogoFoursquare
logo-github.svg,LogoGithub
logo-gitlab.svg,LogoGitlab
logo-google-playstore.svg,LogoGooglePlaystore
logo-google.svg,LogoGoogle
logo-hackernews.svg,LogoHackernews
logo-html5.svg,LogoHtml5
logo-instagram.svg,LogoInstagram
logo-ionic.svg,LogoIonic
logo-ionitron.svg,LogoIonitron
logo-javascript.svg,LogoJavascript
logo-laravel.svg,LogoLaravel
logo-linkedin.svg,LogoLinkedin
logo-markdown.svg,LogoMarkdown
logo-medium.svg,LogoMedium
logo-no-smoking.svg,LogoNoSmoking
logo-nodejs.svg,LogoNodejs
logo-npm.svg,LogoNpm
logo-octocat.svg,LogoOctocat
logo-paypal.svg,LogoPaypal
logo-pinterest.svg,LogoPinterest
logo-playstation.svg,LogoPlaystation
logo-pwa.svg,LogoPwa
logo-python.svg,LogoPython
logo-react.svg,LogoReact
logo-reddit.svg,LogoReddit
logo-rss.svg,LogoRss
logo-sass.svg,LogoSass
logo-skype.svg,LogoSkype
logo-slack.svg,LogoSlack
logo-snapchat.svg,LogoSnapchat
logo-soundcloud.svg,LogoSoundcloud
logo-stackoverflow.svg,LogoStackoverflow
logo-steam.svg,LogoSteam
logo-stencil.svg,LogoStencil
logo-tiktok.svg,LogoTiktok
logo-tumblr.svg,LogoTumblr
logo-tux.svg,LogoTux
logo-twitch.svg,LogoTwitch
logo-twitter.svg,LogoTwitter
logo-usd.svg,LogoUsd
logo-venmo.svg,LogoVenmo
logo-vimeo.svg,LogoVimeo
logo-vk.svg,LogoVk
logo-vue.svg,LogoVue
logo-web-component.svg,LogoWebComponent
logo-whatsapp.svg,LogoWhatsapp
logo-windows.svg,LogoWindows
logo-wordpress.svg,LogoWordpress
logo-xbox.svg,LogoXbox
logo-xing.svg,LogoXing
logo-yahoo.svg,LogoYahoo
logo-yen.svg,LogoYen
logo-youtube.svg,LogoYoutube
magnet.svg,Magnet
mail-open.svg,MailOpen
mail-unread.svg,MailUnread
mail.svg,Mail
male-female.svg,MaleFemale
male.svg,Male
man.svg,Man
map.svg,Map
medal.svg,Medal
medical.svg,Medical
medkit.svg,Medkit
megaphone.svg,Megaphone
menu.svg,Menu
mic-circle.svg,MicCircle
mic-off-circle.svg,MicOffCircle
mic-off.svg,MicOff
mic.svg,Mic
moon.svg,Moon
move.svg,Move
musical-note.svg,MusicalNote
musical-notes.svg,MusicalNotes
navigate-circle.svg,NavigateCircle
navigate.svg,Navigate
newspaper.svg,Newspaper
notifications-circle.svg,NotificationsCircle
notifications-off-circle.svg,NotificationsOffCircle
notifications-off.svg,NotificationsOff
notifications.svg,Notifications
nuclear.svg,Nuclear
nutrition.svg,Nutrition
open.svg,Open
options.svg,Options
paper-plane.svg,PaperPlane
partly-sunny.svg,PartlySunny
pause-circle.svg,PauseCircle
pause.svg,Pause
paw.svg,Paw
pencil.svg,Pencil
people-circle.svg,PeopleCircle
people.svg,People
person-add.svg,PersonAdd
person-circle.svg,PersonCircle
person-remove.svg,PersonRemove
person.svg,Person
phone-landscape.svg,PhoneLandscape
phone-portrait.svg,PhonePortrait
pie-chart.svg,PieChart
pin.svg,Pin
pint.svg,Pint
pizza.svg,Pizza
planet.svg,Planet
play-back-circle.svg,PlayBackCircle
play-back.svg,PlayBack
play-circle.svg,PlayCircle
play-forward-circle.svg,PlayForwardCircle
play-forward.svg,PlayForward
play-skip-back-circle.svg,PlaySkipBackCircle
play-skip-back.svg,PlaySkipBack
play-skip-forward-circle.svg,PlaySkipForwardCircle
play-skip-forward.svg,PlaySkipForward
play.svg,Play
podium.svg,Podium
power.svg,Power
pricetag.svg,Pricetag
pricetags.svg,Pricetags
print.svg,Print
pulse.svg,Pulse
push.svg,Push
qr-code.svg,QrCode
radio-button-off.svg,RadioButtonOff
radio-button-on.svg,RadioButtonOn
radio.svg,Radio
rainy.svg,Rainy
reader.svg,Reader
receipt.svg,Receipt
recording.svg,Recording
refresh-circle.svg,RefreshCircle
refresh.svg,Refresh
reload-circle.svg,ReloadCircle
reload.svg,Reload
remove-circle.svg,RemoveCircle
remove.svg,Remove
reorder-four.svg,ReorderFour
reorder-three.svg,ReorderThree
reorder-two.svg,ReorderTwo
repeat.svg,Repeat
resize.svg,Resize
restaurant.svg,Restaurant
return-down-back.svg,ReturnDownBack
return-down-forward.svg,ReturnDownForward
return-up-back.svg,ReturnUpBack
return-up-forward.svg,ReturnUpForward
ribbon.svg,Ribbon
rocket.svg,Rocket
rose.svg,Rose
sad.svg,Sad
save.svg,Save
scan-circle.svg,ScanCircle
scan.svg,Scan
school.svg,School
search-circle.svg,SearchCircle
search.svg,Search
send.svg,Send
server.svg,Server
settings.svg,Settings
shapes.svg,Shapes
share-social.svg,ShareSocial
share.svg,Share
shield-checkmark.svg,ShieldCheckmark
shield.svg,Shield
shirt.svg,Shirt
shuffle.svg,Shuffle
skull.svg,Skull
snow.svg,Snow
speedometer.svg,Speedometer
square.svg,Square
star-half.svg,StarHalf
star.svg,Star
stats-chart.svg,StatsChart
stop-circle.svg,StopCircle
stop.svg,Stop
stopwatch.svg,Stopwatch
subway.svg,Subway
sunny.svg,Sunny
swap-horizontal.svg,SwapHorizontal
swap-vertical.svg,SwapVertical
sync-circle.svg,SyncCircle
sync.svg,Sync
tablet-landscape.svg,TabletLandscape
tablet-portrait.svg,TabletPortrait
tennisball.svg,Tennisball
terminal.svg,Terminal
text.svg,Text
thermometer.svg,Thermometer
thumbs-down.svg,ThumbsDown
thumbs-up.svg,ThumbsUp
thunderstorm.svg,Thunderstorm
time.svg,Time
timer.svg,Timer
today.svg,Today
toggle.svg,Toggle
trail-sign.svg,TrailSign
train.svg,Train
transgender.svg,Transgender
trash-bin.svg,TrashBin
trash.svg,Trash
trending-down.svg,TrendingDown
trending-up.svg,TrendingUp
triangle.svg,Triangle
trophy.svg,Trophy
tv.svg,Tv
umbrella.svg,Umbrella
videocam.svg,Videocam
volume-high.svg,VolumeHigh
volume-low.svg,VolumeLow
volume-medium.svg,VolumeMedium
volume-mute.svg,VolumeMute
volume-off.svg,VolumeOff
walk.svg,Walk
wallet.svg,Wallet
warning.svg,Warning
watch.svg,Watch
water.svg,Water
wifi.svg,Wifi
wine.svg,Wine
woman.svg,Woman
add-circle-outline.svg,AddCircleOutline
add-outline.svg,AddOutline
airplane-outline.svg,AirplaneOutline
alarm-outline.svg,AlarmOutline
albums-outline.svg,AlbumsOutline
alert-circle-outline.svg,AlertCircleOutline
alert-outline.svg,AlertOutline
american-football-outline.svg,AmericanFootballOutline
analytics-outline.svg,AnalyticsOutline
aperture-outline.svg,ApertureOutline
apps-outline.svg,AppsOutline
archive-outline.svg,ArchiveOutline
arrow-back-circle-outline.svg,ArrowBackCircleOutline
arrow-back-outline.svg,ArrowBackOutline
arrow-down-circle-outline.svg,ArrowDownCircleOutline
arrow-down-outline.svg,ArrowDownOutline
arrow-forward-circle-outline.svg,ArrowForwardCircleOutline
arrow-forward-outline.svg,ArrowForwardOutline
arrow-redo-circle-outline.svg,ArrowRedoCircleOutline
arrow-redo-outline.svg,ArrowRedoOutline
arrow-undo-circle-outline.svg,ArrowUndoCircleOutline
arrow-undo-outline.svg,ArrowUndoOutline
arrow-up-circle-outline.svg,ArrowUpCircleOutline
arrow-up-outline.svg,ArrowUpOutline
at-circle-outline.svg,AtCircleOutline
at-outline.svg,AtOutline
attach-outline.svg,AttachOutline
backspace-outline.svg,BackspaceOutline
bandage-outline.svg,BandageOutline
bar-chart-outline.svg,BarChartOutline
barbell-outline.svg,BarbellOutline
barcode-outline.svg,BarcodeOutline
baseball-outline.svg,BaseballOutline
basket-outline.svg,BasketOutline
basketball-outline.svg,BasketballOutline
battery-charging-outline.svg,BatteryChargingOutline
battery-dead-outline.svg,BatteryDeadOutline
battery-full-outline.svg,BatteryFullOutline
battery-half-outline.svg,BatteryHalfOutline
beaker-outline.svg,BeakerOutline
bed-outline.svg,BedOutline
beer-outline.svg,BeerOutline
bicycle-outline.svg,BicycleOutline
bluetooth-outline.svg,BluetoothOutline
boat-outline.svg,BoatOutline
body-outline.svg,BodyOutline
bonfire-outline.svg,BonfireOutline
book-outline.svg,BookOutline
bookmark-outline.svg,BookmarkOutline
bookmarks-outline.svg,BookmarksOutline
briefcase-outline.svg,BriefcaseOutline
browsers-outline.svg,BrowsersOutline
brush-outline.svg,BrushOutline
bug-outline.svg,BugOutline
build-outline.svg,BuildOutline
bulb-outline.svg,BulbOutline
bus-outline.svg,BusOutline
business-outline.svg,BusinessOutline
cafe-outline.svg,CafeOutline
calculator-outline.svg,CalculatorOutline
calendar-outline.svg,CalendarOutline
call-outline.svg,CallOutline
camera-outline.svg,CameraOutline
camera-reverse-outline.svg,CameraReverseOutline
car-outline.svg,CarOutline
car-sport-outline.svg,CarSportOutline
card-outline.svg,CardOutline
caret-back-circle-outline.svg,CaretBackCircleOutline
caret-back-outline.svg,CaretBackOutline
caret-down-circle-outline.svg,CaretDownCircleOutline
caret-down-outline.svg,CaretDownOutline
caret-forward-circle-outline.svg,CaretForwardCircleOutline
caret-forward-outline.svg,CaretForwardOutline
caret-up-circle-outline.svg,CaretUpCircleOutline
caret-up-outline.svg,CaretUpOutline
cart-outline.svg,CartOutline
cash-outline.svg,CashOutline
cellular-outline.svg,CellularOutline
chatbox-ellipses-outline.svg,ChatboxEllipsesOutline
chatbox-outline.svg,ChatboxOutline
chatbubble-ellipses-outline.svg,ChatbubbleEllipsesOutline
chatbubble-outline.svg,ChatbubbleOutline
chatbubbles-outline.svg,ChatbubblesOutline
checkbox-outline.svg,CheckboxOutline
checkmark-circle-outline.svg,CheckmarkCircleOutline
checkmark-done-circle-outline.svg,CheckmarkDoneCircleOutline
checkmark-done-outline.svg,CheckmarkDoneOutline
checkmark-outline.svg,CheckmarkOutline
chevron-back-circle-outline.svg,ChevronBackCircleOutline
chevron-back-outline.svg,ChevronBackOutline
chevron-down-circle-outline.svg,ChevronDownCircleOutline
chevron-down-outline.svg,ChevronDownOutline
chevron-forward-circle-outline.svg,ChevronForwardCircleOutline
chevron-forward-outline.svg,ChevronForwardOutline
chevron-up-circle-outline.svg,ChevronUpCircleOutline
chevron-up-outline.svg,ChevronUpOutline
clipboard-outline.svg,ClipboardOutline
close-circle-outline.svg,CloseCircleOutline
close-outline.svg,CloseOutline
cloud-circle-outline.svg,CloudCircleOutline
cloud-done-outline.svg,CloudDoneOutline
cloud-download-outline.svg,CloudDownloadOutline
cloud-offline-outline.svg,CloudOfflineOutline
cloud-outline.svg,CloudOutline
cloud-upload-outline.svg,CloudUploadOutline
cloudy-night-outline.svg,CloudyNightOutline
cloudy-outline.svg,CloudyOutline
code-download-outline.svg,CodeDownloadOutline
code-outline.svg,CodeOutline
code-slash-outline.svg,CodeSlashOutline
code-working-outline.svg,CodeWorkingOutline
cog-outline.svg,CogOutline
color-fill-outline.svg,ColorFillOutline
color-filter-outline.svg,ColorFilterOutline
color-palette-outline.svg,ColorPaletteOutline
color-wand-outline.svg,ColorWandOutline
compass-outline.svg,CompassOutline
construct-outline.svg,ConstructOutline
contract-outline.svg,ContractOutline
contrast-outline.svg,ContrastOutline
copy-outline.svg,CopyOutline
create-outline.svg,CreateOutline
crop-outline.svg,CropOutline
cube-outline.svg,CubeOutline
cut-outline.svg,CutOutline
desktop-outline.svg,DesktopOutline
disc-outline.svg,DiscOutline
document-attach-outline.svg,DocumentAttachOutline
document-outline.svg,DocumentOutline
document-text-outline.svg,DocumentTextOutline
documents-outline.svg,DocumentsOutline
download-outline.svg,DownloadOutline
duplicate-outline.svg,DuplicateOutline
ear-outline.svg,EarOutline
earth-outline.svg,EarthOutline
easel-outline.svg,EaselOutline
egg-outline.svg,EggOutline
ellipse-outline.svg,EllipseOutline
ellipsis-horizontal-circle-outline.svg,EllipsisHorizontalCircleOutline
ellipsis-horizontal-outline.svg,EllipsisHorizontalOutline
ellipsis-vertical-circle-outline.svg,EllipsisVerticalCircleOutline
ellipsis-vertical-outline.svg,EllipsisVerticalOutline
enter-outline.svg,EnterOutline
exit-outline.svg,ExitOutline
expand-outline.svg,ExpandOutline
eye-off-outline.svg,EyeOffOutline
eye-outline.svg,EyeOutline
eyedrop-outline.svg,EyedropOutline
fast-food-outline.svg,FastFoodOutline
female-outline.svg,FemaleOutline
file-tray-full-outline.svg,FileTrayFullOutline
file-tray-outline.svg,FileTrayOutline
file-tray-stacked-outline.svg,FileTrayStackedOutline
film-outline.svg,FilmOutline
filter-outline.svg,FilterOutline
finger-print-outline.svg,FingerPrintOutline
fitness-outline.svg,FitnessOutline
flag-outline.svg,FlagOutline
flame-outline.svg,FlameOutline
flash-off-outline.svg,FlashOffOutline
flash-outline.svg,FlashOutline
flashlight-outline.svg,FlashlightOutline
flask-outline.svg,FlaskOutline
flower-outline.svg,FlowerOutline
folder-open-outline.svg,FolderOpenOutline
folder-outline.svg,FolderOutline
football-outline.svg,FootballOutline
funnel-outline.svg,FunnelOutline
game-controller-outline.svg,GameControllerOutline
gift-outline.svg,GiftOutline
git-branch-outline.svg,GitBranchOutline
git-commit-outline.svg,GitCommitOutline
git-compare-outline.svg,GitCompareOutline
git-merge-outline.svg,GitMergeOutline
git-network-outline.svg,GitNetworkOutline
git-pull-request-outline.svg,GitPullRequestOutline
glasses-outline.svg,GlassesOutline
globe-outline.svg,GlobeOutline
golf-outline.svg,GolfOutline
grid-outline.svg,GridOutline
hammer-outline.svg,HammerOutline
hand-left-outline.svg,HandLeftOutline
hand-right-outline.svg,HandRightOutline
happy-outline.svg,HappyOutline
hardware-chip-outline.svg,HardwareChipOutline
headset-outline.svg,HeadsetOutline
heart-circle-outline.svg,HeartCircleOutline
heart-dislike-circle-outline.svg,HeartDislikeCircleOutline
heart-dislike-outline.svg,HeartDislikeOutline
heart-half-outline.svg,HeartHalfOutline
heart-outline.svg,HeartOutline
help-buoy-outline.svg,HelpBuoyOutline
help-circle-outline.svg,HelpCircleOutline
help-outline.svg,HelpOutline
home-outline.svg,HomeOutline
hourglass-outline.svg,HourglassOutline
ice-cream-outline.svg,IceCreamOutline
image-outline.svg,ImageOutline
images-outline.svg,ImagesOutline
infinite-outline.svg,InfiniteOutline
information-circle-outline.svg,InformationCircleOutline
information-outline.svg,InformationOutline
journal-outline.svg,JournalOutline
key-outline.svg,KeyOutline
keypad-outline.svg,KeypadOutline
language-outline.svg,LanguageOutline
laptop-outline.svg,LaptopOutline
layers-outline.svg,LayersOutline
leaf-outline.svg,LeafOutline
library-outline.svg,LibraryOutline
link-outline.svg,LinkOutline
list-circle-outline.svg,ListCircleOutline
list-outline.svg,ListOutline
locate-outline.svg,LocateOutline
location-outline.svg,LocationOutline
lock-closed-outline.svg,LockClosedOutline
lock-open-outline.svg,LockOpenOutline
log-in-outline.svg,LogInOutline
log-out-outline.svg,LogOutOutline
magnet-outline.svg,MagnetOutline
mail-open-outline.svg,MailOpenOutline
mail-outline.svg,MailOutline
mail-unread-outline.svg,MailUnreadOutline
male-female-outline.svg,MaleFemaleOutline
male-outline.svg,MaleOutline
man-outline.svg,ManOutline
map-outline.svg,MapOutline
medal-outline.svg,MedalOutline
medical-outline.svg,MedicalOutline
medkit-outline.svg,MedkitOutline
megaphone-outline.svg,MegaphoneOutline
menu-outline.svg,MenuOutline
mic-circle-outline.svg,MicCircleOutline
mic-off-circle-outline.svg,MicOffCircleOutline
mic-off-outline.svg,MicOffOutline
mic-outline.svg,MicOutline
moon-outline.svg,MoonOutline
move-outline.svg,MoveOutline
musical-note-outline.svg,MusicalNoteOutline
musical-notes-outline.svg,MusicalNotesOutline
navigate-circle-outline.svg,NavigateCircleOutline
navigate-outline.svg,NavigateOutline
newspaper-outline.svg,NewspaperOutline
notifications-circle-outline.svg,NotificationsCircleOutline
notifications-off-circle-outline.svg,NotificationsOffCircleOutline
notifications-off-outline.svg,NotificationsOffOutline
notifications-outline.svg,NotificationsOutline
nuclear-outline.svg,NuclearOutline
nutrition-outline.svg,NutritionOutline
open-outline.svg,OpenOutline
options-outline.svg,OptionsOutline
paper-plane-outline.svg,PaperPlaneOutline
partly-sunny-outline.svg,PartlySunnyOutline
pause-circle-outline.svg,PauseCircleOutline
pause-outline.svg,PauseOutline
paw-outline.svg,PawOutline
pencil-outline.svg,PencilOutline
people-circle-outline.svg,PeopleCircleOutline
people-outline.svg,PeopleOutline
person-add-outline.svg,PersonAddOutline
person-circle-outline.svg,PersonCircleOutline
person-outline.svg,PersonOutline
person-remove-outline.svg,PersonRemoveOutline
phone-landscape-outline.svg,PhoneLandscapeOutline
phone-portrait-outline.svg,PhonePortraitOutline
pie-chart-outline.svg,PieChartOutline
pin-outline.svg,PinOutline
pint-outline.svg,PintOutline
pizza-outline.svg,PizzaOutline
planet-outline.svg,PlanetOutline
play-back-circle-outline.svg,PlayBackCircleOutline
play-back-outline.svg,PlayBackOutline
play-circle-outline.svg,PlayCircleOutline
play-forward-circle-outline.svg,PlayForwardCircleOutline
play-forward-outline.svg,PlayForwardOutline
play-outline.svg,PlayOutline
play-skip-back-circle-outline.svg,PlaySkipBackCircleOutline
play-skip-back-outline.svg,PlaySkipBackOutline
play-skip-forward-circle-outline.svg,PlaySkipForwardCircleOutline
play-skip-forward-outline.svg,PlaySkipForwardOutline
podium-outline.svg,PodiumOutline
power-outline.svg,PowerOutline
pricetag-outline.svg,PricetagOutline
pricetags-outline.svg,PricetagsOutline
print-outline.svg,PrintOutline
pulse-outline.svg,PulseOutline
push-outline.svg,PushOutline
qr-code-outline.svg,QrCodeOutline
radio-button-off-outline.svg,RadioButtonOffOutline
radio-button-on-outline.svg,RadioButtonOnOutline
radio-outline.svg,RadioOutline
rainy-outline.svg,RainyOutline
reader-outline.svg,ReaderOutline
receipt-outline.svg,ReceiptOutline
recording-outline.svg,RecordingOutline
refresh-circle-outline.svg,RefreshCircleOutline
refresh-outline.svg,RefreshOutline
reload-circle-outline.svg,ReloadCircleOutline
reload-outline.svg,ReloadOutline
remove-circle-outline.svg,RemoveCircleOutline
remove-outline.svg,RemoveOutline
reorder-four-outline.svg,ReorderFourOutline
reorder-three-outline.svg,ReorderThreeOutline
reorder-two-outline.svg,ReorderTwoOutline
repeat-outline.svg,RepeatOutline
resize-outline.svg,ResizeOutline
restaurant-outline.svg,RestaurantOutline
return-down-back-outline.svg,ReturnDownBackOutline
return-down-forward-outline.svg,ReturnDownForwardOutline
return-up-back-outline.svg,ReturnUpBackOutline
return-up-forward-outline.svg,ReturnUpForwardOutline
ribbon-outline.svg,RibbonOutline
rocket-outline.svg,RocketOutline
rose-outline.svg,RoseOutline
sad-outline.svg,SadOutline
save-outline.svg,SaveOutline
scan-circle-outline.svg,ScanCircleOutline
scan-outline.svg,ScanOutline
school-outline.svg,SchoolOutline
search-circle-outline.svg,SearchCircleOutline
search-outline.svg,SearchOutline
send-outline.svg,SendOutline
server-outline.svg,ServerOutline
settings-outline.svg,SettingsOutline
shapes-outline.svg,ShapesOutline
share-outline.svg,ShareOutline
share-social-outline.svg,ShareSocialOutline
shield-checkmark-outline.svg,ShieldCheckmarkOutline
shield-outline.svg,ShieldOutline
shirt-outline.svg,ShirtOutline
shuffle-outline.svg,ShuffleOutline
skull-outline.svg,SkullOutline
snow-outline.svg,SnowOutline
speedometer-outline.svg,SpeedometerOutline
square-outline.svg,SquareOutline
star-half-outline.svg,StarHalfOutline
star-outline.svg,StarOutline
stats-chart-outline.svg,StatsChartOutline
stop-circle-outline.svg,StopCircleOutline
stop-outline.svg,StopOutline
stopwatch-outline.svg,StopwatchOutline
subway-outline.svg,SubwayOutline
sunny-outline.svg,SunnyOutline
swap-horizontal-outline.svg,SwapHorizontalOutline
swap-vertical-outline.svg,SwapVerticalOutline
sync-circle-outline.svg,SyncCircleOutline
sync-outline.svg,SyncOutline
tablet-landscape-outline.svg,TabletLandscapeOutline
tablet-portrait-outline.svg,TabletPortraitOutline
tennisball-outline.svg,TennisballOutline
terminal-outline.svg,TerminalOutline
text-outline.svg,TextOutline
thermometer-outline.svg,ThermometerOutline
thumbs-down-outline.svg,ThumbsDownOutline
thumbs-up-outline.svg,ThumbsUpOutline
thunderstorm-outline.svg,ThunderstormOutline
time-outline.svg,TimeOutline
timer-outline.svg,TimerOutline
today-outline.svg,TodayOutline
toggle-outline.svg,ToggleOutline
trail-sign-outline.svg,TrailSignOutline
train-outline.svg,TrainOutline
transgender-outline.svg,TransgenderOutline
trash-bin-outline.svg,TrashBinOutline
trash-outline.svg,TrashOutline
trending-down-outline.svg,TrendingDownOutline
trending-up-outline.svg,TrendingUpOutline
triangle-outline.svg,TriangleOutline
trophy-outline.svg,TrophyOutline
tv-outline.svg,TvOutline
umbrella-outline.svg,UmbrellaOutline
videocam-outline.svg,VideocamOutline
volume-high-outline.svg,VolumeHighOutline
volume-low-outline.svg,VolumeLowOutline
volume-medium-outline.svg,VolumeMediumOutline
volume-mute-outline.svg,VolumeMuteOutline
volume-off-outline.svg,VolumeOffOutline
walk-outline.svg,WalkOutline
wallet-outline.svg,WalletOutline
warning-outline.svg,WarningOutline
watch-outline.svg,WatchOutline
water-outline.svg,WaterOutline
wifi-outline.svg,WifiOutline
wine-outline.svg,WineOutline
woman-outline.svg,WomanOutline
add-circle-sharp.svg,AddCircleSharp
add-sharp.svg,AddSharp
airplane-sharp.svg,AirplaneSharp
alarm-sharp.svg,AlarmSharp
albums-sharp.svg,AlbumsSharp
alert-circle-sharp.svg,AlertCircleSharp
alert-sharp.svg,AlertSharp
american-football-sharp.svg,AmericanFootballSharp
analytics-sharp.svg,AnalyticsSharp
aperture-sharp.svg,ApertureSharp
apps-sharp.svg,AppsSharp
archive-sharp.svg,ArchiveSharp
arrow-back-circle-sharp.svg,ArrowBackCircleSharp
arrow-back-sharp.svg,ArrowBackSharp
arrow-down-circle-sharp.svg,ArrowDownCircleSharp
arrow-down-sharp.svg,ArrowDownSharp
arrow-forward-circle-sharp.svg,ArrowForwardCircleSharp
arrow-forward-sharp.svg,ArrowForwardSharp
arrow-redo-circle-sharp.svg,ArrowRedoCircleSharp
arrow-redo-sharp.svg,ArrowRedoSharp
arrow-undo-circle-sharp.svg,ArrowUndoCircleSharp
arrow-undo-sharp.svg,ArrowUndoSharp
arrow-up-circle-sharp.svg,ArrowUpCircleSharp
arrow-up-sharp.svg,ArrowUpSharp
at-circle-sharp.svg,AtCircleSharp
at-sharp.svg,AtSharp
attach-sharp.svg,AttachSharp
backspace-sharp.svg,BackspaceSharp
bandage-sharp.svg,BandageSharp
bar-chart-sharp.svg,BarChartSharp
barbell-sharp.svg,BarbellSharp
barcode-sharp.svg,BarcodeSharp
baseball-sharp.svg,BaseballSharp
basket-sharp.svg,BasketSharp
basketball-sharp.svg,BasketballSharp
battery-charging-sharp.svg,BatteryChargingSharp
battery-dead-sharp.svg,BatteryDeadSharp
battery-full-sharp.svg,BatteryFullSharp
battery-half-sharp.svg,BatteryHalfSharp
beaker-sharp.svg,BeakerSharp
bed-sharp.svg,BedSharp
beer-sharp.svg,BeerSharp
bicycle-sharp.svg,BicycleSharp
bluetooth-sharp.svg,BluetoothSharp
boat-sharp.svg,BoatSharp
body-sharp.svg,BodySharp
bonfire-sharp.svg,BonfireSharp
book-sharp.svg,BookSharp
bookmark-sharp.svg,BookmarkSharp
bookmarks-sharp.svg,BookmarksSharp
briefcase-sharp.svg,BriefcaseSharp
browsers-sharp.svg,BrowsersSharp
brush-sharp.svg,BrushSharp
bug-sharp.svg,BugSharp
build-sharp.svg,BuildSharp
bulb-sharp.svg,BulbSharp
bus-sharp.svg,BusSharp
business-sharp.svg,BusinessSharp
cafe-sharp.svg,CafeSharp
calculator-sharp.svg,CalculatorSharp
calendar-sharp.svg,CalendarSharp
call-sharp.svg,CallSharp
camera-reverse-sharp.svg,CameraReverseSharp
camera-sharp.svg,CameraSharp
car-sharp.svg,CarSharp
car-sport-sharp.svg,CarSportSharp
card-sharp.svg,CardSharp
caret-back-circle-sharp.svg,CaretBackCircleSharp
caret-back-sharp.svg,CaretBackSharp
caret-down-circle-sharp.svg,CaretDownCircleSharp
caret-down-sharp.svg,CaretDownSharp
caret-forward-circle-sharp.svg,CaretForwardCircleSharp
caret-forward-sharp.svg,CaretForwardSharp
caret-up-circle-sharp.svg,CaretUpCircleSharp
caret-up-sharp.svg,CaretUpSharp
cart-sharp.svg,CartSharp
cash-sharp.svg,CashSharp
cellular-sharp.svg,CellularSharp
chatbox-ellipses-sharp.svg,ChatboxEllipsesSharp
chatbox-sharp.svg,ChatboxSharp
chatbubble-ellipses-sharp.svg,ChatbubbleEllipsesSharp
chatbubble-sharp.svg,ChatbubbleSharp
chatbubbles-sharp.svg,ChatbubblesSharp
checkbox-sharp.svg,CheckboxSharp
checkmark-circle-sharp.svg,CheckmarkCircleSharp
checkmark-done-circle-sharp.svg,CheckmarkDoneCircleSharp
checkmark-done-sharp.svg,CheckmarkDoneSharp
checkmark-sharp.svg,CheckmarkSharp
chevron-back-circle-sharp.svg,ChevronBackCircleSharp
chevron-back-sharp.svg,ChevronBackSharp
chevron-down-circle-sharp.svg,ChevronDownCircleSharp
chevron-down-sharp.svg,ChevronDownSharp
chevron-forward-circle-sharp.svg,ChevronForwardCircleSharp
chevron-forward-sharp.svg,ChevronForwardSharp
chevron-up-circle-sharp.svg,ChevronUpCircleSharp
chevron-up-sharp.svg,ChevronUpSharp
clipboard-sharp.svg,ClipboardSharp
close-circle-sharp.svg,CloseCircleSharp
close-sharp.svg,CloseSharp
cloud-circle-sharp.svg,CloudCircleSharp
cloud-done-sharp.svg,CloudDoneSharp
cloud-download-sharp.svg,CloudDownloadSharp
cloud-offline-sharp.svg,CloudOfflineSharp
cloud-sharp.svg,CloudSharp
cloud-upload-sharp.svg,CloudUploadSharp
cloudy-night-sharp.svg,CloudyNightSharp
cloudy-sharp.svg,CloudySharp
code-download-sharp.svg,CodeDownloadSharp
code-sharp.svg,CodeSharp
code-slash-sharp.svg,CodeSlashSharp
code-working-sharp.svg,CodeWorkingSharp
cog-sharp.svg,CogSharp
color-fill-sharp.svg,ColorFillSharp
color-filter-sharp.svg,ColorFilterSharp
color-palette-sharp.svg,ColorPaletteSharp
color-wand-sharp.svg,ColorWandSharp
compass-sharp.svg,CompassSharp
construct-sharp.svg,ConstructSharp
contract-sharp.svg,ContractSharp
contrast-sharp.svg,ContrastSharp
copy-sharp.svg,CopySharp
create-sharp.svg,CreateSharp
crop-sharp.svg,CropSharp
cube-sharp.svg,CubeSharp
cut-sharp.svg,CutSharp
desktop-sharp.svg,DesktopSharp
disc-sharp.svg,DiscSharp
document-attach-sharp.svg,DocumentAttachSharp
document-sharp.svg,DocumentSharp
document-text-sharp.svg,DocumentTextSharp
documents-sharp.svg,DocumentsSharp
download-sharp.svg,DownloadSharp
duplicate-sharp.svg,DuplicateSharp
ear-sharp.svg,EarSharp
earth-sharp.svg,EarthSharp
easel-sharp.svg,EaselSharp
egg-sharp.svg,EggSharp
ellipse-sharp.svg,EllipseSharp
ellipsis-horizontal-circle-sharp.svg,EllipsisHorizontalCircleSharp
ellipsis-horizontal-sharp.svg,EllipsisHorizontalSharp
ellipsis-vertical-circle-sharp.svg,EllipsisVerticalCircleSharp
ellipsis-vertical-sharp.svg,EllipsisVerticalSharp
enter-sharp.svg,EnterSharp
exit-sharp.svg,ExitSharp
expand-sharp.svg,ExpandSharp
eye-off-sharp.svg,EyeOffSharp
eye-sharp.svg,EyeSharp
eyedrop-sharp.svg,EyedropSharp
fast-food-sharp.svg,FastFoodSharp
female-sharp.svg,FemaleSharp
file-tray-full-sharp.svg,FileTrayFullSharp
file-tray-sharp.svg,FileTraySharp
file-tray-stacked-sharp.svg,FileTrayStackedSharp
film-sharp.svg,FilmSharp
filter-sharp.svg,FilterSharp
finger-print-sharp.svg,FingerPrintSharp
fitness-sharp.svg,FitnessSharp
flag-sharp.svg,FlagSharp
flame-sharp.svg,FlameSharp
flash-off-sharp.svg,FlashOffSharp
flash-sharp.svg,FlashSharp
flashlight-sharp.svg,FlashlightSharp
flask-sharp.svg,FlaskSharp
flower-sharp.svg,FlowerSharp
folder-open-sharp.svg,FolderOpenSharp
folder-sharp.svg,FolderSharp
football-sharp.svg,FootballSharp
funnel-sharp.svg,FunnelSharp
game-controller-sharp.svg,GameControllerSharp
gift-sharp.svg,GiftSharp
git-branch-sharp.svg,GitBranchSharp
git-commit-sharp.svg,GitCommitSharp
git-compare-sharp.svg,GitCompareSharp
git-merge-sharp.svg,GitMergeSharp
git-network-sharp.svg,GitNetworkSharp
git-pull-request-sharp.svg,GitPullRequestSharp
glasses-sharp.svg,GlassesSharp
globe-sharp.svg,GlobeSharp
golf-sharp.svg,GolfSharp
grid-sharp.svg,GridSharp
hammer-sharp.svg,HammerSharp
hand-left-sharp.svg,HandLeftSharp
hand-right-sharp.svg,HandRightSharp
happy-sharp.svg,HappySharp
hardware-chip-sharp.svg,HardwareChipSharp
headset-sharp.svg,HeadsetSharp
heart-circle-sharp.svg,HeartCircleSharp
heart-dislike-circle-sharp.svg,HeartDislikeCircleSharp
heart-dislike-sharp.svg,HeartDislikeSharp
heart-half-sharp.svg,HeartHalfSharp
heart-sharp.svg,HeartSharp
help-buoy-sharp.svg,HelpBuoySharp
help-circle-sharp.svg,HelpCircleSharp
help-sharp.svg,HelpSharp
home-sharp.svg,HomeSharp
hourglass-sharp.svg,HourglassSharp
ice-cream-sharp.svg,IceCreamSharp
image-sharp.svg,ImageSharp
images-sharp.svg,ImagesSharp
infinite-sharp.svg,InfiniteSharp
information-circle-sharp.svg,InformationCircleSharp
information-sharp.svg,InformationSharp
journal-sharp.svg,JournalSharp
key-sharp.svg,KeySharp
keypad-sharp.svg,KeypadSharp
language-sharp.svg,LanguageSharp
laptop-sharp.svg,LaptopSharp
layers-sharp.svg,LayersSharp
leaf-sharp.svg,LeafSharp
library-sharp.svg,LibrarySharp
link-sharp.svg,LinkSharp
list-circle-sharp.svg,ListCircleSharp
list-sharp.svg,ListSharp
locate-sharp.svg,LocateSharp
location-sharp.svg,LocationSharp
lock-closed-sharp.svg,LockClosedSharp
lock-open-sharp.svg,LockOpenSharp
log-in-sharp.svg,LogInSharp
log-out-sharp.svg,LogOutSharp
magnet-sharp.svg,MagnetSharp
mail-open-sharp.svg,MailOpenSharp
mail-sharp.svg,MailSharp
mail-unread-sharp.svg,MailUnreadSharp
male-female-sharp.svg,MaleFemaleSharp
male-sharp.svg,MaleSharp
man-sharp.svg,ManSharp
map-sharp.svg,MapSharp
medal-sharp.svg,MedalSharp
medical-sharp.svg,MedicalSharp
medkit-sharp.svg,MedkitSharp
megaphone-sharp.svg,MegaphoneSharp
menu-sharp.svg,MenuSharp
mic-circle-sharp.svg,MicCircleSharp
mic-off-circle-sharp.svg,MicOffCircleSharp
mic-off-sharp.svg,MicOffSharp
mic-sharp.svg,MicSharp
moon-sharp.svg,MoonSharp
move-sharp.svg,MoveSharp
musical-note-sharp.svg,MusicalNoteSharp
musical-notes-sharp.svg,MusicalNotesSharp
navigate-circle-sharp.svg,NavigateCircleSharp
navigate-sharp.svg,NavigateSharp
newspaper-sharp.svg,NewspaperSharp
notifications-circle-sharp.svg,NotificationsCircleSharp
notifications-off-circle-sharp.svg,NotificationsOffCircleSharp
notifications-off-sharp.svg,NotificationsOffSharp
notifications-sharp.svg,NotificationsSharp
nuclear-sharp.svg,NuclearSharp
nutrition-sharp.svg,NutritionSharp
open-sharp.svg,OpenSharp
options-sharp.svg,OptionsSharp
paper-plane-sharp.svg,PaperPlaneSharp
partly-sunny-sharp.svg,PartlySunnySharp
pause-circle-sharp.svg,PauseCircleSharp
pause-sharp.svg,PauseSharp
paw-sharp.svg,PawSharp
pencil-sharp.svg,PencilSharp
people-circle-sharp.svg,PeopleCircleSharp
people-sharp.svg,PeopleSharp
person-add-sharp.svg,PersonAddSharp
person-circle-sharp.svg,PersonCircleSharp
person-remove-sharp.svg,PersonRemoveSharp
person-sharp.svg,PersonSharp
phone-landscape-sharp.svg,PhoneLandscapeSharp
phone-portrait-sharp.svg,PhonePortraitSharp
pie-chart-sharp.svg,PieChartSharp
pin-sharp.svg,PinSharp
pint-sharp.svg,PintSharp
pizza-sharp.svg,PizzaSharp
planet-sharp.svg,PlanetSharp
play-back-circle-sharp.svg,PlayBackCircleSharp
play-back-sharp.svg,PlayBackSharp
play-circle-sharp.svg,PlayCircleSharp
play-forward-circle-sharp.svg,PlayForwardCircleSharp
play-forward-sharp.svg,PlayForwardSharp
play-sharp.svg,PlaySharp
play-skip-back-circle-sharp.svg,PlaySkipBackCircleSharp
play-skip-back-sharp.svg,PlaySkipBackSharp
play-skip-forward-circle-sharp.svg,PlaySkipForwardCircleSharp
play-skip-forward-sharp.svg,PlaySkipForwardSharp
podium-sharp.svg,PodiumSharp
power-sharp.svg,PowerSharp
pricetag-sharp.svg,PricetagSharp
pricetags-sharp.svg,PricetagsSharp
print-sharp.svg,PrintSharp
pulse-sharp.svg,PulseSharp
push-sharp.svg,PushSharp
qr-code-sharp.svg,QrCodeSharp
radio-button-off-sharp.svg,RadioButtonOffSharp
radio-button-on-sharp.svg,RadioButtonOnSharp
radio-sharp.svg,RadioSharp
rainy-sharp.svg,RainySharp
reader-sharp.svg,ReaderSharp
receipt-sharp.svg,ReceiptSharp
recording-sharp.svg,RecordingSharp
refresh-circle-sharp.svg,RefreshCircleSharp
refresh-sharp.svg,RefreshSharp
reload-circle-sharp.svg,ReloadCircleSharp
reload-sharp.svg,ReloadSharp
remove-circle-sharp.svg,RemoveCircleSharp
remove-sharp.svg,RemoveSharp
reorder-four-sharp.svg,ReorderFourSharp
reorder-three-sharp.svg,ReorderThreeSharp
reorder-two-sharp.svg,ReorderTwoSharp
repeat-sharp.svg,RepeatSharp
resize-sharp.svg,ResizeSharp
restaurant-sharp.svg,RestaurantSharp
return-down-back-sharp.svg,ReturnDownBackSharp
return-down-forward-sharp.svg,ReturnDownForwardSharp
return-up-back-sharp.svg,ReturnUpBackSharp
return-up-forward-sharp.svg,ReturnUpForwardSharp
ribbon-sharp.svg,RibbonSharp
rocket-sharp.svg,RocketSharp
rose-sharp.svg,RoseSharp
sad-sharp.svg,SadSharp
save-sharp.svg,SaveSharp
scan-circle-sharp.svg,ScanCircleSharp
scan-sharp.svg,ScanSharp
school-sharp.svg,SchoolSharp
search-circle-sharp.svg,SearchCircleSharp
search-sharp.svg,SearchSharp
send-sharp.svg,SendSharp
server-sharp.svg,ServerSharp
settings-sharp.svg,SettingsSharp
shapes-sharp.svg,ShapesSharp
share-sharp.svg,ShareSharp
share-social-sharp.svg,ShareSocialSharp
shield-checkmark-sharp.svg,ShieldCheckmarkSharp
shield-sharp.svg,ShieldSharp
shirt-sharp.svg,ShirtSharp
shuffle-sharp.svg,ShuffleSharp
skull-sharp.svg,SkullSharp
snow-sharp.svg,SnowSharp
speedometer-sharp.svg,SpeedometerSharp
square-sharp.svg,SquareSharp
star-half-sharp.svg,StarHalfSharp
star-sharp.svg,StarSharp
stats-chart-sharp.svg,StatsChartSharp
stop-circle-sharp.svg,StopCircleSharp
stop-sharp.svg,StopSharp
stopwatch-sharp.svg,StopwatchSharp
subway-sharp.svg,SubwaySharp
sunny-sharp.svg,SunnySharp
swap-horizontal-sharp.svg,SwapHorizontalSharp
swap-vertical-sharp.svg,SwapVerticalSharp
sync-circle-sharp.svg,SyncCircleSharp
sync-sharp.svg,SyncSharp
tablet-landscape-sharp.svg,TabletLandscapeSharp
tablet-portrait-sharp.svg,TabletPortraitSharp
tennisball-sharp.svg,TennisballSharp
terminal-sharp.svg,TerminalSharp
text-sharp.svg,TextSharp
thermometer-sharp.svg,ThermometerSharp
thumbs-down-sharp.svg,ThumbsDownSharp
thumbs-up-sharp.svg,ThumbsUpSharp
thunderstorm-sharp.svg,ThunderstormSharp
time-sharp.svg,TimeSharp
timer-sharp.svg,TimerSharp
today-sharp.svg,TodaySharp
toggle-sharp.svg,ToggleSharp
trail-sign-sharp.svg,TrailSignSharp
train-sharp.svg,TrainSharp
transgender-sharp.svg,TransgenderSharp
trash-bin-sharp.svg,TrashBinSharp
trash-sharp.svg,TrashSharp
trending-down-sharp.svg,TrendingDownSharp
trending-up-sharp.svg,TrendingUpSharp
triangle-sharp.svg,TriangleSharp
trophy-sharp.svg,TrophySharp
tv-sharp.svg,TvSharp
umbrella-sharp.svg,UmbrellaSharp
videocam-sharp.svg,VideocamSharp
volume-high-sharp.svg,VolumeHighSharp
volume-low-sharp.svg,VolumeLowSharp
volume-medium-sharp.svg,VolumeMediumSharp
volume-mute-sharp.svg,VolumeMuteSharp
volume-off-sharp.svg,VolumeOffSharp
walk-sharp.svg,WalkSharp
wallet-sharp.svg,WalletSharp
warning-sharp.svg,WarningSharp
watch-sharp.svg,WatchSharp
water-sharp.svg,WaterSharp
wifi-sharp.svg,WifiSharp
wine-sharp.svg,WineSharp
woman-sharp.svg,WomanSharp